City_ID,City,Country,Date,Lat,Lng,Max Temp,Humidity,Cloudiness,Wind Speed
0,Horasan,TR,2021-10-31 20:41:29,40.0458,42.1728,46.78,89,100,2.93
1,Rikitea,PF,2021-10-31 20:41:30,-23.1203,-134.9692,73.51,87,71,8.1
2,Puerto Ayora,EC,2021-10-31 20:41:30,-0.7393,-90.3518,72.32,79,40,8.43
3,Ushuaia,AR,2021-10-31 20:37:15,-54.8,-68.3,58.66,36,0,3.44
4,Berwick,US,2021-10-31 20:39:32,41.0545,-76.2333,60.78,78,64,3.0
5,Punta Arenas,CL,2021-10-31 20:41:31,-53.15,-70.9167,59.11,38,0,11.5
6,Suez,EG,2021-10-31 20:41:31,29.9737,32.5263,75.52,48,66,1.5
7,Bontang,ID,2021-10-31 20:41:31,0.1333,117.5,78.91,87,100,7.99
8,Barrow,US,2021-10-31 20:37:30,71.2906,-156.7887,28.42,86,90,20.71
9,Halifax,CA,2021-10-31 20:37:55,44.6453,-63.5724,60.1,97,100,11.99
10,Taseyevo,RU,2021-10-31 20:41:32,57.2169,94.8978,33.8,84,100,6.93
11,Lexington,US,2021-10-31 20:41:19,37.9887,-84.4777,60.15,63,33,1.01
12,Urumqi,CN,2021-10-31 20:41:32,43.801,87.6005,41.95,65,0,4.47
13,Lazaro Cardenas,MX,2021-10-31 20:41:32,17.9583,-102.2,83.62,70,100,7.38
14,Warman,CA,2021-10-31 20:41:33,52.3168,-106.5679,38.08,47,20,12.66
15,Broome,US,2021-10-31 20:41:33,42.2506,-75.833,57.22,80,90,3.0
16,Port Elizabeth,ZA,2021-10-31 20:41:33,-33.918,25.5701,72.1,88,0,9.22
17,Palmer,US,2021-10-31 20:40:38,42.1584,-72.3287,65.75,70,75,11.5
18,Chokwe,MZ,2021-10-31 20:41:34,-24.5333,32.9833,67.32,86,0,4.43
19,Vila Franca Do Campo,PT,2021-10-31 20:41:34,37.7167,-25.4333,71.2,93,99,9.64
20,Port Blair,IN,2021-10-31 20:38:27,11.6667,92.75,80.06,81,84,1.28
21,Castro,BR,2021-10-31 20:41:34,-24.7911,-50.0119,60.26,96,98,6.02
22,New Norfolk,AU,2021-10-31 20:41:35,-42.7826,147.0587,54.91,51,100,4.97
23,Avarua,CK,2021-10-31 20:41:35,-21.2078,-159.775,73.45,78,90,10.36
24,Puerto Escondido,MX,2021-10-31 20:41:35,15.85,-97.0667,83.44,74,48,5.48
25,Tamiahua,MX,2021-10-31 20:41:36,21.2667,-97.45,81.79,64,88,12.19
26,Caravelas,BR,2021-10-31 20:41:36,-17.7125,-39.2481,75.61,80,91,8.5
27,Chokurdakh,RU,2021-10-31 20:41:36,70.6333,147.9167,-11.33,100,99,5.95
28,Provideniya,RU,2021-10-31 20:41:37,64.3833,-173.3,19.51,63,20,6.71
29,Butaritari,KI,2021-10-31 20:41:37,3.0707,172.7902,81.36,77,40,9.86
30,Busselton,AU,2021-10-31 20:41:37,-33.65,115.3333,54.09,65,93,20.04
31,Qaqortoq,GL,2021-10-31 20:41:38,60.7167,-46.0333,27.1,71,84,5.88
32,Alice Springs,AU,2021-10-31 20:41:38,-23.7,133.8833,58.55,94,40,0.0
33,Albany,US,2021-10-31 20:41:38,42.6001,-73.9662,59.45,77,98,1.01
34,Nikolskoye,RU,2021-10-31 20:41:38,59.7035,30.7861,47.01,85,100,7.67
35,Mar Del Plata,AR,2021-10-31 20:37:15,-38.0023,-57.5575,58.08,85,90,1.99
36,Dikson,RU,2021-10-31 20:41:39,73.5069,80.5464,6.98,93,100,11.86
37,Hobart,AU,2021-10-31 20:40:19,-42.8794,147.3294,55.26,66,75,5.01
38,La Primavera,CO,2021-10-31 20:41:39,5.4906,-70.4092,75.85,91,100,3.53
39,Mataura,NZ,2021-10-31 20:41:40,-46.1927,168.8643,54.9,47,70,6.04
40,Vardo,NO,2021-10-31 20:41:40,70.3705,31.1107,35.58,87,75,19.57
41,Longyearbyen,SJ,2021-10-31 20:41:07,78.2186,15.6401,31.84,69,40,10.36
42,Mogok,MM,2021-10-31 20:41:40,22.9167,96.5,61.03,94,3,2.04
43,Pevek,RU,2021-10-31 20:41:41,69.7008,170.3133,-0.63,97,100,4.18
44,Los Llanos De Aridane,ES,2021-10-31 20:41:41,28.6585,-17.9182,65.95,86,20,6.91
45,Ancud,CL,2021-10-31 20:41:41,-41.8697,-73.8203,72.93,60,61,8.1
46,Cape Town,ZA,2021-10-31 20:37:17,-33.9258,18.4232,65.08,70,75,4.0
47,Barahona,DO,2021-10-31 20:41:42,18.2085,-71.1008,87.62,66,20,13.8
48,Shelburne,CA,2021-10-31 20:41:42,44.0787,-80.2041,54.27,76,5,16.91
49,San Patricio,US,2021-10-31 20:41:42,28.017,-97.5169,88.48,38,0,12.91
50,Salalah,OM,2021-10-31 20:41:43,17.0151,54.0924,75.29,50,0,4.61
51,Chanika,TZ,2021-10-31 20:41:43,-5.4167,38.0167,69.24,92,79,6.46
52,Vaini,TO,2021-10-31 20:41:43,-21.2,-175.2,78.96,83,20,10.36
53,Namatanai,PG,2021-10-31 20:41:43,-3.6667,152.4333,80.67,80,78,7.65
54,Pimentel,PE,2021-10-31 20:41:44,-6.8367,-79.9342,73.69,56,0,19.57
55,La Rioja,ES,2021-10-31 20:41:44,42.25,-2.5,58.05,89,100,5.12
56,Praia,CV,2021-10-31 20:41:44,14.9215,-23.5087,77.54,88,90,12.66
57,Lagoa,PT,2021-10-31 20:41:45,39.05,-27.9833,69.58,87,100,4.99
58,Geraldton,AU,2021-10-31 20:41:45,-28.7667,114.6,63.12,67,40,9.22
59,Yumen,CN,2021-10-31 20:41:45,40.2833,97.2,39.96,32,5,10.6
60,Fort Saint James,CA,2021-10-31 20:41:46,54.4333,-124.25,38.44,41,7,2.73
61,Ust-Kulom,RU,2021-10-31 20:41:46,61.6864,53.6902,37.26,98,100,7.56
62,Luwuk,ID,2021-10-31 20:41:46,-0.9516,122.7875,76.95,86,81,1.52
63,Egvekinot,RU,2021-10-31 20:41:47,66.3167,-179.1667,-0.62,85,98,9.33
64,Mahebourg,MU,2021-10-31 20:41:47,-20.4081,57.7,72.25,83,75,3.44
65,Severo-Kurilsk,RU,2021-10-31 20:41:47,50.6789,156.125,34.27,64,99,27.34
66,Marau,BR,2021-10-31 20:41:47,-28.4492,-52.2,71.1,81,7,4.92
67,Bredasdorp,ZA,2021-10-31 20:41:48,-34.5322,20.0403,60.12,82,100,3.44
68,Yar-Sale,RU,2021-10-31 20:41:48,66.8333,70.8333,1.4,92,73,4.74
69,Tasiilaq,GL,2021-10-31 20:41:48,65.6145,-37.6368,24.96,59,79,5.14
70,Torbay,CA,2021-10-31 20:41:49,47.6666,-52.7314,45.28,94,90,10.36
71,Hermanus,ZA,2021-10-31 20:41:49,-34.4187,19.2345,62.91,84,100,10.58
72,Corrente,BR,2021-10-31 20:41:49,-3.7367,-43.3394,74.82,93,99,2.93
73,Sinnamary,GF,2021-10-31 20:41:50,5.3833,-52.95,79.05,84,65,8.23
74,Honningsvag,NO,2021-10-31 20:41:50,70.9821,25.9704,33.55,86,20,14.97
75,Kruisfontein,ZA,2021-10-31 20:41:50,-34.0033,24.7314,69.89,82,65,4.32
76,Tres Passos,BR,2021-10-31 20:41:50,-27.4556,-53.9319,73.99,76,39,3.78
77,Poso,ID,2021-10-31 20:41:51,-1.3959,120.7524,78.06,79,73,2.89
78,Souillac,MU,2021-10-31 20:41:51,-20.5167,57.5167,72.36,83,75,3.44
79,Adeje,ES,2021-10-31 20:41:51,28.1227,-16.726,72.57,76,0,11.5
80,Leningradskiy,RU,2021-10-31 20:41:52,69.3833,178.4167,-0.06,89,100,11.43
81,Kodiak,US,2021-10-31 20:41:09,57.79,-152.4072,44.11,93,90,5.75
82,Jamestown,US,2021-10-31 20:41:52,42.097,-79.2353,54.99,75,40,10.0
83,Svetlaya,RU,2021-10-31 20:41:52,46.5389,138.3297,40.53,88,100,5.75
84,Sarkand,KZ,2021-10-31 20:41:18,45.41,79.9186,41.04,67,100,2.98
85,General Roca,AR,2021-10-31 20:41:53,-39.0333,-67.5833,59.4,33,100,14.5
86,Afua,BR,2021-10-31 20:41:53,-0.1567,-50.3867,81.09,77,75,6.24
87,Baley,RU,2021-10-31 20:41:53,51.6,116.6333,23.14,51,12,5.5
88,Dongsheng,CN,2021-10-31 20:41:54,39.8161,109.9776,33.37,49,0,5.3
89,San Rafael,AR,2021-10-31 20:41:54,-34.6177,-68.3301,54.82,48,100,10.63
90,Qaanaaq,GL,2021-10-31 20:41:54,77.484,-69.3632,12.36,69,100,7.65
91,Katherine,AU,2021-10-31 20:41:55,-14.4667,132.2667,71.92,88,40,3.44
92,Yulara,AU,2021-10-31 20:41:55,-25.2406,130.9889,62.44,94,100,0.0
93,Port Alfred,ZA,2021-10-31 20:41:55,-33.5906,26.891,66.54,83,81,15.77
94,Tuktoyaktuk,CA,2021-10-31 20:41:56,69.4541,-133.0374,26.6,86,75,12.66
95,Aloleng,PH,2021-10-31 20:41:56,16.1307,119.7824,77.59,74,14,9.44
96,Fort Nelson,CA,2021-10-31 20:41:56,58.8053,-122.7002,29.79,51,40,3.44
97,Bluff,NZ,2021-10-31 20:41:57,-46.6,168.3333,54.01,68,95,24.29
98,Ponta Do Sol,PT,2021-10-31 20:41:57,32.6667,-17.1,74.03,82,59,6.8
99,Gamba,GA,2021-10-31 20:41:57,-2.65,10.0,76.73,88,100,6.06
100,Chimore,BO,2021-10-31 20:41:57,-16.9833,-65.1333,86.49,54,95,4.88
101,Ilulissat,GL,2021-10-31 20:41:58,69.2167,-51.1,32.02,93,75,14.97
102,Bandarbeyla,SO,2021-10-31 20:41:58,9.4942,50.8122,78.64,80,28,13.13
103,Elk Plain,US,2021-10-31 20:41:58,47.0532,-122.3976,61.48,52,1,1.01
104,Aksarka,RU,2021-10-31 20:41:59,66.5606,67.7975,2.23,80,63,6.49
105,Hithadhoo,MV,2021-10-31 20:41:59,-0.6,73.0833,82.26,76,100,18.1
106,Georgetown,MY,2021-10-31 20:41:59,5.4112,100.3354,78.89,92,20,1.01
107,Bogoslovka,RU,2021-10-31 20:42:00,53.2084,44.8013,46.11,46,9,7.94
108,Charlestown,AU,2021-10-31 20:42:00,-32.95,151.6667,59.83,85,100,3.02
109,Chuy,UY,2021-10-31 20:42:00,-33.6971,-53.4616,69.04,84,45,10.02
110,Eureka,US,2021-10-31 20:42:01,40.8021,-124.1637,68.74,72,67,5.01
111,Barsovo,RU,2021-10-31 20:42:01,61.1667,73.1667,-2.07,91,74,5.21
112,Victoria,HK,2021-10-31 20:38:37,22.2855,114.1577,76.32,83,88,5.01
113,Kahului,US,2021-10-31 20:37:40,20.8947,-156.47,85.26,60,1,5.75
114,El Ocotito,MX,2021-10-31 20:42:02,17.25,-99.5667,76.91,83,81,3.31
115,Luderitz,NA,2021-10-31 20:42:02,-26.6481,15.1594,60.71,82,44,5.86
116,Sinjai,ID,2021-10-31 20:42:02,-5.1241,120.253,76.3,88,100,3.6
117,Hilo,US,2021-10-31 20:42:03,19.7297,-155.09,83.25,68,1,3.44
118,Constitucion,CL,2021-10-31 20:41:51,-35.3333,-72.4167,57.83,78,100,5.19
119,Sibu,MY,2021-10-31 20:42:03,2.3,111.8167,77.31,100,40,2.3
120,Loikaw,MM,2021-10-31 20:42:03,19.6742,97.2094,64.56,97,11,1.74
121,Vestmannaeyjar,IS,2021-10-31 20:42:04,63.4427,-20.2734,37.81,68,41,25.93
122,Aligarh,IN,2021-10-31 20:40:18,27.8833,78.0833,67.08,51,0,4.25
123,Basoko,CD,2021-10-31 20:42:04,1.2391,23.616,71.42,97,100,3.85
124,Dera Bugti,PK,2021-10-31 20:42:04,29.0307,69.151,70.72,15,0,5.06
125,Carnarvon,AU,2021-10-31 20:42:05,-24.8667,113.6333,66.27,72,90,18.41
126,Kolpashevo,RU,2021-10-31 20:42:05,58.3131,82.9089,14.67,83,90,11.52
127,Riyadh,SA,2021-10-31 20:39:52,24.6877,46.7219,71.74,25,0,6.02
128,Ribeira Grande,PT,2021-10-31 20:42:05,38.5167,-28.7,68.4,88,75,4.61
129,Arraial Do Cabo,BR,2021-10-31 20:42:06,-22.9661,-42.0278,71.56,94,75,12.66
130,Hirara,JP,2021-10-31 20:42:06,24.8,125.2833,76.77,67,45,13.82
131,Kavaratti,IN,2021-10-31 20:42:06,10.5669,72.642,81.16,79,100,4.63
132,Saint-Philippe,RE,2021-10-31 20:42:07,-21.3585,55.7679,69.39,86,33,10.0
133,Barmer,IN,2021-10-31 20:42:07,25.75,71.3833,74.52,26,52,8.32
134,Nago,JP,2021-10-31 20:42:07,26.5881,127.9761,75.36,79,41,10.38
135,Prince Rupert,CA,2021-10-31 20:38:57,54.3161,-130.3201,51.49,53,93,14.97
136,Minab,IR,2021-10-31 20:42:08,27.1467,57.0801,76.5,25,0,1.68
137,Maxixe,MZ,2021-10-31 20:42:08,-23.8597,35.3472,69.49,82,28,2.33
138,Tura,IN,2021-10-31 20:40:10,25.5198,90.2201,60.62,71,0,3.11
139,Saint George,US,2021-10-31 20:42:09,37.1041,-113.5841,81.07,31,1,3.0
140,Grand Gaube,MU,2021-10-31 20:42:09,-20.0064,57.6608,72.37,80,11,3.0
141,Atuona,PF,2021-10-31 20:42:09,-9.8,-139.0333,78.6,76,5,20.76
142,Cherskiy,RU,2021-10-31 20:42:09,68.75,161.3,-2.0,99,100,4.97
143,Dwarka,IN,2021-10-31 20:42:10,22.2394,68.9678,79.63,53,2,6.29
144,Najran,SA,2021-10-31 20:42:10,17.4924,44.1277,68.65,47,92,3.31
145,Senanga,ZM,2021-10-31 20:42:10,-16.1167,23.2667,78.08,44,32,6.22
146,Laguna,US,2021-10-31 20:42:11,38.421,-121.4238,69.48,61,90,1.99
147,Chifeng,CN,2021-10-31 20:39:11,42.2683,118.9636,37.49,77,83,3.91
148,Libreville,GA,2021-10-31 20:42:11,0.3925,9.4537,78.82,89,40,5.75
149,East London,ZA,2021-10-31 20:41:42,-33.0153,27.9116,66.09,82,89,12.84
150,Yetkul,RU,2021-10-31 20:42:12,54.8221,61.588,42.78,83,100,10.49
151,Coquimbo,CL,2021-10-31 20:42:12,-29.9533,-71.3436,62.33,72,75,8.05
152,Norman Wells,CA,2021-10-31 20:42:12,65.282,-126.8329,21.24,93,75,4.61
153,Acapulco,MX,2021-10-31 20:40:19,16.8634,-99.8901,83.07,74,74,6.38
154,Irituia,BR,2021-10-31 20:42:13,-1.7711,-47.4381,77.13,89,96,3.98
155,Codrington,AU,2021-10-31 20:42:13,-38.2667,141.9667,48.31,88,8,4.79
156,Kavieng,PG,2021-10-31 20:42:13,-2.5744,150.7967,83.8,74,94,15.32
157,Poum,NC,2021-10-31 20:42:14,-20.2333,164.0167,75.15,67,13,15.19
158,Mount Isa,AU,2021-10-31 20:42:14,-20.7333,139.5,76.77,27,90,3.44
159,Bethel,US,2021-10-31 20:42:14,41.3712,-73.414,63.88,72,90,3.0
160,Elat,IL,2021-10-31 20:42:15,29.5581,34.9482,76.84,53,7,5.75
161,Mount Gambier,AU,2021-10-31 20:42:15,-37.8333,140.7667,44.51,100,9,6.91
162,Baykit,RU,2021-10-31 20:42:15,61.67,96.37,18.43,97,100,2.19
163,Baruun-Urt,MN,2021-10-31 20:42:16,46.6806,113.2792,23.88,28,9,7.96
164,Barcelos,PT,2021-10-31 20:41:50,41.5388,-8.6151,60.94,97,100,2.64
165,Olafsvik,IS,2021-10-31 20:42:16,64.8945,-23.7142,35.26,70,38,17.0
166,Saldanha,ZA,2021-10-31 20:42:16,-33.0117,17.9442,62.65,82,98,7.09
167,Tuatapere,NZ,2021-10-31 20:42:17,-46.1333,167.6833,54.64,61,77,7.56
168,Paita,PE,2021-10-31 20:42:17,-5.0892,-81.1144,73.96,72,37,13.8
169,Teknaf,BD,2021-10-31 20:42:17,20.8624,92.3058,74.68,79,92,7.31
170,Cockburn Town,TC,2021-10-31 20:42:18,21.4612,-71.1419,84.16,65,20,0.0
171,Bolotnoye,RU,2021-10-31 20:42:18,55.6717,84.3981,21.36,89,100,13.94
172,Hamilton,US,2021-10-31 20:40:56,39.1834,-84.5333,63.99,68,75,3.0
173,Maceio,BR,2021-10-31 20:41:18,-9.6658,-35.7353,83.64,74,20,13.8
174,Lompoc,US,2021-10-31 20:41:05,34.6391,-120.4579,75.02,64,1,11.5
175,Hun,LY,2021-10-31 20:42:19,29.1268,15.9477,72.03,32,88,4.36
176,Sinazongwe,ZM,2021-10-31 20:42:19,-17.2614,27.4618,81.86,46,13,3.74
177,Honggang,CN,2021-10-31 20:42:19,46.4667,124.8667,27.68,37,2,5.97
178,Lebu,CL,2021-10-31 20:42:19,-37.6167,-73.65,57.34,77,96,8.66
179,Iqaluit,CA,2021-10-31 20:42:20,63.7506,-68.5145,36.7,69,90,5.99
180,Tiksi,RU,2021-10-31 20:42:20,71.6872,128.8694,17.64,78,100,15.19
181,Sobolevo,RU,2021-10-31 20:42:21,54.4299,31.8996,39.36,82,1,8.14
182,Pichayevo,RU,2021-10-31 20:42:21,53.2363,42.2032,41.81,80,6,7.0
183,Nemuro,JP,2021-10-31 20:41:24,43.3236,145.575,49.84,68,10,8.01
184,Goderich,CA,2021-10-31 20:42:21,43.7501,-81.7165,53.92,71,14,13.8
185,Taoudenni,ML,2021-10-31 20:42:22,22.6783,-3.9836,84.31,17,0,9.91
186,Los Alamos,US,2021-10-31 20:38:31,35.8881,-106.307,63.97,34,1,1.01
187,Port Lincoln,AU,2021-10-31 20:42:22,-34.7333,135.8667,59.7,63,0,8.99
188,Bambous Virieux,MU,2021-10-31 20:42:22,-20.3428,57.7575,72.21,83,75,3.44
189,Acarau,BR,2021-10-31 20:42:23,-2.8856,-40.12,80.92,76,53,13.82
190,Khani,GE,2021-10-31 20:42:23,41.9563,42.9566,54.97,75,100,6.8
191,Bathsheba,BB,2021-10-31 20:42:23,13.2167,-59.5167,83.01,74,40,16.11
192,Fare,PF,2021-10-31 20:42:24,-16.7,-151.0167,78.35,74,96,15.97
193,Comodoro Rivadavia,AR,2021-10-31 20:42:05,-45.8667,-67.5,49.86,66,20,18.41
194,Upernavik,GL,2021-10-31 20:42:24,72.7868,-56.1549,32.79,98,100,20.2
195,Thompson,CA,2021-10-31 20:42:16,55.7435,-97.8558,33.96,75,75,9.22
196,Mareeba,AU,2021-10-31 20:42:25,-17.0,145.4333,74.12,91,95,7.16
197,Miandoab,IR,2021-10-31 20:42:25,36.9694,46.1027,54.63,77,58,1.03
198,Cidreira,BR,2021-10-31 20:42:25,-30.1811,-50.2056,68.81,85,6,22.3
199,Alofi,NU,2021-10-31 20:42:25,-19.0595,-169.9187,78.69,73,75,14.97
200,Tautira,PF,2021-10-31 20:42:26,-17.7333,-149.15,82.42,75,61,14.09
201,Derbent,RU,2021-10-31 20:42:26,42.0678,48.2899,55.76,87,50,5.82
202,Ahipara,NZ,2021-10-31 20:42:26,-35.1667,173.1667,60.37,66,65,10.87
203,San Cristobal,VE,2021-10-31 20:42:27,7.7669,-72.225,77.18,92,59,2.39
204,Adrar,MR,2021-10-31 20:42:27,20.5022,-10.0711,86.63,13,98,7.78
205,Terme,TR,2021-10-31 20:42:27,41.2092,36.9739,58.96,83,37,3.47
206,Sioux Lookout,CA,2021-10-31 20:42:27,50.1001,-91.917,34.18,100,90,9.22
207,Ayr,GB,2021-10-31 20:42:28,55.4627,-4.6339,44.58,93,75,8.05
208,Dmytrivka,UA,2021-10-31 20:42:28,45.9717,28.9864,45.41,92,0,3.91
209,Leshukonskoye,RU,2021-10-31 20:42:28,64.8989,45.7622,31.24,85,100,7.23
210,Bardiyah,LY,2021-10-31 20:42:29,31.7561,25.0865,68.0,74,3,33.44
211,Aklavik,CA,2021-10-31 20:42:29,68.2191,-135.0107,34.63,84,100,12.73
212,Paredon,MX,2021-10-31 20:42:29,16.0333,-93.8667,84.29,62,95,5.35
213,Portland,US,2021-10-31 20:41:29,45.5234,-122.6762,63.61,40,20,1.99
214,Khatanga,RU,2021-10-31 20:42:30,71.9667,102.5,5.74,96,100,10.78
215,Sistranda,NO,2021-10-31 20:42:30,63.7256,8.834,46.9,79,48,19.26
216,Cabo San Lucas,MX,2021-10-31 20:42:30,22.8909,-109.9124,88.61,69,7,6.69
217,Emilio Carranza,MX,2021-10-31 20:42:31,19.9711,-96.6114,80.06,70,38,13.04
218,Tomohon,ID,2021-10-31 20:42:31,1.3346,124.8392,65.34,85,100,1.83
219,Tocopilla,CL,2021-10-31 20:42:31,-22.092,-70.1979,69.8,55,17,3.91
220,Saint-Pierre,RE,2021-10-31 20:39:08,-21.3393,55.4781,69.48,74,0,4.61
221,Kapaa,US,2021-10-31 20:42:32,22.0752,-159.319,82.18,73,1,1.01
222,Yellowknife,CA,2021-10-31 20:42:32,62.456,-114.3525,35.42,94,75,1.01
223,Sur,OM,2021-10-31 20:42:32,22.5667,59.5289,82.0,60,0,12.39
224,Walvis Bay,NA,2021-10-31 20:42:33,-22.9575,14.5053,60.1,88,0,5.75
225,Xiangxiang,CN,2021-10-31 20:42:33,27.7333,112.5333,60.3,95,100,5.37
226,Shima,CN,2021-10-31 20:42:33,24.4478,117.8111,73.22,75,7,2.19
227,Kenai,US,2021-10-31 20:42:34,60.5544,-151.2583,45.14,80,75,12.66
228,Saskylakh,RU,2021-10-31 20:42:34,71.9167,114.0833,8.71,97,98,5.53
229,Disna,BY,2021-10-31 20:42:34,55.568,28.1971,42.3,81,1,7.78
230,Santo Domingo,DO,2021-10-31 20:37:36,18.5001,-69.9886,89.24,65,20,3.0
231,Lavrentiya,RU,2021-10-31 20:42:35,65.5833,-171.0,12.25,83,4,12.12
232,Suntar,RU,2021-10-31 20:42:35,62.1444,117.6319,17.4,81,99,5.86
233,Naze,JP,2021-10-31 20:42:35,28.3667,129.4833,69.17,80,98,14.05
234,Turinskaya Sloboda,RU,2021-10-31 20:42:36,57.6232,64.3858,36.59,97,100,9.57
235,Adamas,GR,2021-10-31 20:42:36,36.7333,24.4333,60.22,75,99,15.88
236,Nome,US,2021-10-31 20:42:36,64.5011,-165.4064,17.67,80,1,0.0
237,At-Bashi,KG,2021-10-31 20:42:36,41.1702,75.8106,26.55,74,71,1.99
238,Bayir,TR,2021-10-31 20:42:37,37.2687,28.2167,55.92,95,100,2.44
239,Dzhebariki-Khaya,RU,2021-10-31 20:42:37,62.2167,135.8,2.95,86,100,2.24
240,Thinadhoo,MV,2021-10-31 20:42:37,0.5333,72.9333,82.58,77,100,19.51
241,Rancho Palos Verdes,US,2021-10-31 20:42:38,33.7445,-118.387,72.14,76,80,5.99
242,Verkhnyaya Khava,RU,2021-10-31 20:42:38,51.8404,39.9413,33.87,70,1,6.87
243,Vila Velha,BR,2021-10-31 20:42:38,-20.3297,-40.2925,71.55,94,90,4.61
244,Guntur,IN,2021-10-31 20:42:39,16.3,80.45,74.05,95,98,3.76
245,Hami,CN,2021-10-31 20:42:39,42.8,93.45,49.73,46,100,3.78
246,Parabel,RU,2021-10-31 20:42:39,58.6978,81.4825,13.33,84,69,10.02
247,Fortuna,US,2021-10-31 20:42:39,40.5982,-124.1573,68.47,65,75,3.0
248,Mecca,SA,2021-10-31 20:42:40,21.4267,39.8261,80.65,60,0,0.74
249,Haines Junction,CA,2021-10-31 20:42:40,60.7522,-137.5108,42.75,39,100,5.75
250,Batabano,CU,2021-10-31 20:42:40,22.7164,-82.2881,83.01,64,96,6.93
251,Porto Uniao,BR,2021-10-31 20:42:41,-26.2381,-51.0783,63.88,97,100,3.91
252,Teculutan,GT,2021-10-31 20:42:41,14.9833,-89.7167,94.75,31,0,11.5
253,Cayenne,GF,2021-10-31 20:42:41,4.9333,-52.3333,84.24,77,20,5.01
254,Port Macquarie,AU,2021-10-31 20:39:43,-31.4333,152.9167,60.89,65,49,3.87
255,High Rock,BS,2021-10-31 20:42:42,26.6208,-78.2833,78.82,62,4,9.08
256,General Pico,AR,2021-10-31 20:42:42,-35.6566,-63.7568,51.48,95,100,11.1
257,Sao Felix Do Xingu,BR,2021-10-31 20:42:42,-6.6447,-51.995,84.49,59,91,3.85
258,Bonavista,CA,2021-10-31 20:42:43,48.6499,-53.1147,48.2,92,63,14.14
259,Broken Hill,AU,2021-10-31 20:42:43,-31.95,141.4333,62.31,27,97,9.22
260,Esperance,AU,2021-10-31 20:42:43,-33.8667,121.9,64.24,51,100,18.41
261,Atambua,ID,2021-10-31 20:42:44,-9.1061,124.8925,74.66,84,75,1.59
262,Quatre Cocos,MU,2021-10-31 20:42:44,-20.2078,57.7625,72.09,78,1,8.81
263,Karratha,AU,2021-10-31 20:38:09,-20.7377,116.8463,71.58,64,0,7.38
264,Santa Isabel Do Rio Negro,BR,2021-10-31 20:42:44,-0.4139,-65.0192,85.37,68,90,1.19
265,Nouadhibou,MR,2021-10-31 20:42:45,20.931,-17.0347,73.38,68,2,10.36
266,Kulhudhuffushi,MV,2021-10-31 20:42:45,6.6221,73.07,81.1,76,100,10.02
267,Copiapo,CL,2021-10-31 20:42:45,-27.3667,-70.3333,64.09,36,2,8.1
268,Aswan,EG,2021-10-31 20:42:46,24.0934,32.907,83.98,28,100,6.51
269,Locri,IT,2021-10-31 20:42:46,38.2414,16.2623,65.55,90,100,1.83
270,Sao Joao Da Barra,BR,2021-10-31 20:42:46,-21.6403,-41.0511,75.29,89,100,12.15
271,Chara,RU,2021-10-31 20:42:47,56.9064,118.2631,20.77,73,90,0.74
272,Asau,RO,2021-10-31 20:42:47,46.4333,26.4,43.75,92,0,1.97
273,Davenda,RU,2021-10-31 20:42:47,53.5556,119.317,23.49,56,93,3.15
274,Fairlie,GB,2021-10-31 20:42:48,55.756,-4.8556,44.51,88,100,7.14
275,Half Moon Bay,US,2021-10-31 20:42:48,37.4636,-122.4286,68.76,70,20,1.99
276,Brae,GB,2021-10-31 20:42:48,60.3964,-1.353,48.11,87,100,20.96
277,Sao Jose Da Coroa Grande,BR,2021-10-31 20:42:48,-8.8978,-35.1478,78.1,76,51,10.25
278,Novyy Urengoy,RU,2021-10-31 20:39:34,66.0833,76.6333,-1.66,96,12,10.65
279,Cozumel,MX,2021-10-31 20:40:02,20.5083,-86.9458,84.27,51,1,1.01
280,Isangel,VU,2021-10-31 20:42:49,-19.55,169.2667,77.88,73,43,7.36
281,Painesville,US,2021-10-31 20:42:49,41.7245,-81.2457,58.55,73,75,1.99
282,Uitenhage,ZA,2021-10-31 20:42:49,-33.7576,25.3971,71.42,83,43,2.55
283,Da Nang,VN,2021-10-31 20:42:50,16.0678,108.2208,76.98,94,40,0.0
284,Rumonge,BI,2021-10-31 20:42:50,-3.9736,29.4386,75.63,69,100,3.76
285,Macapa,BR,2021-10-31 20:42:50,0.0389,-51.0664,87.78,66,40,5.75
286,Port Hedland,AU,2021-10-31 20:42:51,-20.3167,118.5667,71.65,83,40,3.44
287,Saiha,IN,2021-10-31 20:42:51,22.4833,92.9667,64.69,95,45,2.55
288,Harper,LR,2021-10-31 20:42:51,4.375,-7.7169,78.01,86,52,8.79
289,Guerrero Negro,MX,2021-10-31 20:42:52,27.9769,-114.0611,72.52,57,100,12.5
290,Twin Falls,US,2021-10-31 20:42:52,42.3505,-114.6445,46.74,81,75,6.91
291,Touros,BR,2021-10-31 20:42:52,-5.1989,-35.4608,83.3,75,76,15.52
292,Viedma,AR,2021-10-31 20:42:53,-40.8135,-62.9967,54.16,67,100,12.59
293,Faanui,PF,2021-10-31 20:42:53,-16.4833,-151.75,78.64,71,99,15.66
294,Wanparti,IN,2021-10-31 20:42:53,16.3667,78.0667,72.25,79,77,7.96
295,Cajamarca,PE,2021-10-31 20:42:54,-7.1638,-78.5003,68.07,52,75,6.91
296,Lorengau,PG,2021-10-31 20:42:54,-2.0226,147.2712,81.3,81,100,14.52
297,Phan Thiet,VN,2021-10-31 20:39:53,10.9333,108.1,76.03,89,96,5.44
298,Mandalgovi,MN,2021-10-31 20:42:54,45.7625,106.2708,30.29,57,28,9.95
299,Mandapam,IN,2021-10-31 20:42:55,9.2833,79.1167,81.36,81,100,15.59
300,Jishou,CN,2021-10-31 20:42:55,28.3167,109.7167,57.87,96,100,2.64
301,Port Augusta,AU,2021-10-31 20:42:55,-32.5,137.7667,63.72,20,98,5.37
302,Rawson,AR,2021-10-31 20:42:56,-43.3002,-65.1023,50.54,61,100,12.26
303,Mount Darwin,ZW,2021-10-31 20:42:56,-16.7725,31.5838,73.72,44,47,4.03
304,Beringovskiy,RU,2021-10-31 20:42:56,63.05,179.3167,6.4,91,97,12.88
305,Gizo,SB,2021-10-31 20:42:57,-8.103,156.8419,82.4,75,100,9.46
306,Saint-Francois,FR,2021-10-31 20:42:57,46.4154,3.9054,57.67,88,90,10.36
307,Antofagasta,CL,2021-10-31 20:39:12,-23.65,-70.4,63.68,66,0,10.47
308,Samarai,PG,2021-10-31 20:42:57,-10.6167,150.6667,83.03,78,100,16.22
309,Pacifica,US,2021-10-31 20:42:58,37.6138,-122.4869,68.58,75,75,3.0
310,Santiago De Compostela,ES,2021-10-31 20:42:58,42.8805,-8.5457,55.35,95,90,1.01
311,Sidi Ali,DZ,2021-10-31 20:42:58,36.0998,0.4206,67.78,77,58,12.77
312,Mayor Pablo Lagerenza,PY,2021-10-31 20:42:59,-19.9309,-60.7718,95.58,34,56,9.04
313,Batagay,RU,2021-10-31 20:42:59,67.6333,134.6333,-1.8,92,100,6.11
314,Black River,JM,2021-10-31 20:42:59,18.0264,-77.8487,82.4,75,47,6.38
315,Smithers,CA,2021-10-31 20:43:00,54.7804,-127.1743,39.52,52,20,10.36
316,Mao,ES,2021-10-31 20:43:00,39.8885,4.2658,68.56,94,0,5.75
317,San Carlos De Bariloche,AR,2021-10-31 20:40:28,-41.1456,-71.3082,64.44,31,40,17.27
318,Qasigiannguit,GL,2021-10-31 20:43:00,68.8193,-51.1922,32.25,90,100,9.53
319,Kapuskasing,CA,2021-10-31 20:43:01,49.4169,-82.4331,39.29,100,90,11.5
320,Mende,FR,2021-10-31 20:43:02,44.6667,3.5,48.69,98,100,6.91
321,Telhara,IN,2021-10-31 20:43:02,21.0269,76.8389,66.09,56,6,4.76
322,Fergus Falls,US,2021-10-31 20:43:03,46.283,-96.0776,45.66,54,90,13.0
323,Provost,CA,2021-10-31 20:43:03,52.3501,-110.2683,38.62,31,0,8.61
324,Jalu,LY,2021-10-31 20:43:03,29.0331,21.5482,67.71,70,47,8.46
325,Lasa,IT,2021-10-31 20:43:04,46.6166,10.7002,50.74,97,100,4.27
326,Matsusaka,JP,2021-10-31 20:43:04,34.5667,136.5333,57.09,85,96,3.42
327,Pedernales,DO,2021-10-31 20:43:04,18.0384,-71.744,83.44,68,17,5.19
328,Diffa,NE,2021-10-31 20:43:04,13.3154,12.6113,84.79,18,44,8.28
329,La Asuncion,VE,2021-10-31 20:43:05,11.0333,-63.8628,96.53,38,99,12.66
330,Frutigen,CH,2021-10-31 20:43:05,46.5878,7.6475,53.28,84,70,9.31
331,San Ramon,US,2021-10-31 20:41:32,37.7799,-121.978,67.55,63,1,4.0
332,Cradock,ZA,2021-10-31 20:43:05,-32.1642,25.6192,70.92,32,91,1.05
333,Coihaique,CL,2021-10-31 20:43:06,-45.5752,-72.0662,71.55,26,0,6.91
334,Corowa,AU,2021-10-31 20:43:06,-36.0333,146.3833,53.29,66,100,4.54
335,Russell,US,2021-10-31 20:43:06,32.3502,-85.1999,68.97,55,20,8.05
336,Praia Da Vitoria,PT,2021-10-31 20:43:07,38.7333,-27.0667,70.05,88,20,3.11
337,Mkushi,ZM,2021-10-31 20:43:07,-13.6202,29.3939,75.7,36,57,6.31
338,Saint Anthony,US,2021-10-31 20:43:07,45.0205,-93.218,48.42,52,75,4.0
339,Escanaba,US,2021-10-31 20:43:08,45.7453,-87.0646,47.93,49,75,18.41
340,Reconquista,AR,2021-10-31 20:40:13,-29.15,-59.65,97.23,22,68,9.51
341,Zhanaozen,KZ,2021-10-31 20:43:08,43.3,52.8,47.46,47,12,11.03
342,Ziro,IN,2021-10-31 20:43:08,27.6333,93.8333,44.15,89,25,2.66
343,Kadoshkino,RU,2021-10-31 20:43:09,54.0257,44.4191,40.48,83,37,9.17
344,Otane,NZ,2021-10-31 20:43:09,-39.8833,176.6333,63.01,60,27,4.47
345,Honiara,SB,2021-10-31 20:43:09,-9.4333,159.95,82.74,74,39,2.33
346,Namibe,AO,2021-10-31 20:43:10,-15.1961,12.1522,67.37,68,68,9.26
347,Begamganj,IN,2021-10-31 20:43:10,23.6,78.3333,62.74,49,0,2.84
348,Kodinsk,RU,2021-10-31 20:43:10,58.6881,99.1844,29.37,97,100,4.76
349,Wellington,NZ,2021-10-31 20:43:11,-41.2866,174.7756,58.06,78,90,1.01
350,Aykino,RU,2021-10-31 20:43:11,62.2248,49.9922,36.64,99,100,4.34
351,Mercedes,AR,2021-10-31 20:43:11,-34.6515,-59.4307,68.85,52,99,14.32
352,Helena,US,2021-10-31 20:41:53,46.5927,-112.0361,39.42,58,90,1.99
353,Mayumba,GA,2021-10-31 20:43:12,-3.432,10.6554,77.29,88,97,6.4
354,Flinders,AU,2021-10-31 20:43:12,-34.5833,150.8552,58.37,85,91,1.01
355,Kasongo-Lunda,CD,2021-10-31 20:43:12,-6.4667,16.8167,70.14,98,100,0.78
356,Barda,AZ,2021-10-31 20:43:13,40.3744,47.1267,53.56,76,46,2.28
357,Sao Filipe,CV,2021-10-31 20:43:13,14.8961,-24.4956,79.93,75,98,10.92
358,Kungsbacka,SE,2021-10-31 20:43:13,57.4872,12.0761,51.19,88,100,10.0
359,Pervoye Maya,RU,2021-10-31 20:43:14,56.164,44.7196,42.51,82,9,9.04
360,Kudahuvadhoo,MV,2021-10-31 20:43:14,2.6708,72.8944,82.11,78,40,19.93
361,Emerald,AU,2021-10-31 20:43:14,-23.5333,148.1667,73.98,52,90,17.27
362,Mangrol,IN,2021-10-31 20:43:15,21.1167,70.1167,76.84,50,25,4.63
363,Cape Coast,GH,2021-10-31 20:43:15,5.1053,-1.2466,79.68,87,100,14.5
364,Tarko-Sale,RU,2021-10-31 20:43:15,64.9225,77.785,4.46,94,97,13.38
365,Awbari,LY,2021-10-31 20:43:16,26.5921,12.7805,70.23,27,2,4.07
366,Ust-Tsilma,RU,2021-10-31 20:43:16,65.441,52.1498,12.11,98,86,4.38
367,Hasaki,JP,2021-10-31 20:43:16,35.7333,140.8333,57.29,84,99,9.42
368,Yongan,CN,2021-10-31 20:43:17,39.6957,113.6871,36.1,65,2,2.53
369,Along,IN,2021-10-31 20:43:17,28.1667,94.7667,57.24,91,22,1.86
370,Lima,PE,2021-10-31 20:38:53,-12.0432,-77.0282,64.65,45,90,1.99
371,Batesville,US,2021-10-31 20:43:17,35.7698,-91.641,72.01,37,1,7.74
372,Bahia De Caraquez,EC,2021-10-31 20:43:18,-0.6,-80.4167,80.78,71,54,10.67
373,Larap,PH,2021-10-31 20:43:18,14.299,122.6504,77.54,86,42,10.83
374,Severobaykalsk,RU,2021-10-31 20:43:18,55.65,109.3167,27.88,89,98,2.04
375,Livingstonia,MW,2021-10-31 20:43:19,-10.606,34.1063,70.57,59,6,3.83
376,Henties Bay,NA,2021-10-31 20:43:19,-22.116,14.2845,59.86,89,0,7.45
377,Dunedin,NZ,2021-10-31 20:43:19,-45.8742,170.5036,57.79,43,64,5.01
378,Martapura,ID,2021-10-31 20:43:20,-3.4167,114.85,75.29,100,90,3.44
379,Chapais,CA,2021-10-31 20:43:20,49.7834,-74.8492,42.58,97,100,4.21
380,Raga,SS,2021-10-31 20:43:20,8.4596,25.678,77.43,62,23,2.08
381,Sambava,MG,2021-10-31 20:43:21,-14.2667,50.1667,73.38,90,24,5.73
382,Tual,ID,2021-10-31 20:43:21,-5.6667,132.75,83.98,72,99,11.21
383,Orange Cove,US,2021-10-31 20:43:21,36.6244,-119.3137,72.28,58,72,4.05
384,Merrill,US,2021-10-31 20:38:41,45.1805,-89.6835,46.17,51,90,17.27
385,Ayan,RU,2021-10-31 20:43:21,56.45,138.1667,21.18,50,2,5.91
386,Heihe,CN,2021-10-31 20:43:22,50.2441,127.4902,14.58,41,49,5.06
387,Sakhnovshchyna,UA,2021-10-31 20:43:22,49.1517,35.872,42.31,70,0,7.87
388,Sept-Iles,CA,2021-10-31 20:43:22,50.2001,-66.3821,46.92,96,90,11.99
389,Itarema,BR,2021-10-31 20:43:23,-2.9248,-39.9167,80.58,77,43,12.82
390,Stonewall,CA,2021-10-31 20:43:23,50.1344,-97.3268,39.7,63,100,16.82
391,Suhbaatar,MN,2021-10-31 20:43:23,50.2314,106.2078,30.69,75,100,3.42
392,Banjar,ID,2021-10-31 20:43:24,-8.19,114.9675,78.66,87,99,2.35
393,Boende,CD,2021-10-31 20:43:24,-0.2167,20.8667,69.46,96,100,1.97
394,Madina,GH,2021-10-31 20:43:24,5.6823,-0.1641,80.56,78,20,4.61
395,La Libertad,EC,2021-10-31 20:43:25,-2.2333,-80.9,74.86,73,75,10.36
396,Edmond,US,2021-10-31 20:43:25,35.6528,-97.4781,65.35,57,0,1.99
397,Kingston,JM,2021-10-31 20:42:19,17.997,-76.7936,85.15,76,20,1.99
398,Sawakin,SD,2021-10-31 20:43:25,19.1059,37.3321,83.68,73,10,4.99
399,Oranjemund,NA,2021-10-31 20:43:26,-28.55,16.4333,62.73,74,100,7.61
400,Berdigestyakh,RU,2021-10-31 20:43:26,62.0989,126.6992,24.96,92,100,10.36
401,Bulawayo,ZW,2021-10-31 20:43:26,-20.15,28.5833,71.51,54,3,12.1
402,Berlevag,NO,2021-10-31 20:43:27,70.8578,29.0864,33.75,86,75,9.22
403,Nanortalik,GL,2021-10-31 20:43:27,60.1432,-45.2371,34.03,74,63,10.71
404,Grass Valley,US,2021-10-31 20:43:27,39.2191,-121.0611,62.02,74,90,1.99
405,Breytovo,RU,2021-10-31 20:43:28,58.2993,37.8617,41.22,87,56,10.94
406,Guiyang,CN,2021-10-31 20:41:26,26.5833,106.7167,54.09,94,75,4.47
407,Merauke,ID,2021-10-31 20:43:28,-8.4667,140.3333,79.14,87,84,10.31
408,Moron,AR,2021-10-31 20:43:28,-34.6534,-58.6198,69.96,77,98,5.99
409,Iisalmi,FI,2021-10-31 20:43:29,63.5592,27.1907,44.62,97,100,4.94
410,Korla,CN,2021-10-31 20:43:29,41.7597,86.1469,47.75,30,11,4.72
411,Dinguiraye,GN,2021-10-31 20:43:29,11.3,-10.7167,75.11,77,39,4.59
412,Ndjole,GA,2021-10-31 20:43:30,-0.1783,10.7649,73.9,99,100,2.59
413,Pisco,PE,2021-10-31 20:43:30,-13.7,-76.2167,69.85,68,0,24.16
414,Humboldt,US,2021-10-31 20:43:30,40.6665,-123.9178,59.67,57,65,4.9
415,Barkhan,PK,2021-10-31 20:41:05,29.8977,69.5256,62.33,18,0,4.99
416,Sitka,US,2021-10-31 20:43:31,57.0531,-135.33,46.29,71,1,4.61
417,Novovasylivka,UA,2021-10-31 20:43:31,46.8315,35.7536,47.59,89,0,11.81
418,Maputo,MZ,2021-10-31 20:41:27,-25.9653,32.5892,70.23,84,0,1.14
419,Farah,AF,2021-10-31 20:43:31,32.5,62.5,53.78,38,0,4.72
420,Muzaffarabad,PK,2021-10-31 20:38:43,34.37,73.4711,56.98,48,73,4.97
421,Kamaishi,JP,2021-10-31 20:43:32,39.2667,141.8833,53.29,80,18,5.03
422,Airai,TL,2021-10-31 20:43:32,-8.9266,125.4092,59.81,82,77,2.06
423,Gat,IL,2021-10-31 20:43:32,31.61,34.7642,83.08,35,49,15.1
424,Bengkulu,ID,2021-10-31 20:43:33,-3.8004,102.2655,76.23,88,100,5.01
425,Petrovsk-Zabaykalskiy,RU,2021-10-31 20:43:33,51.273,108.843,25.72,86,98,3.58
426,Mogadishu,SO,2021-10-31 20:43:33,2.0371,45.3438,78.91,83,3,17.0
427,Yazman,PK,2021-10-31 20:43:34,29.1212,71.7446,74.82,17,0,10.89
428,Mayo,US,2021-10-31 20:43:34,38.8876,-76.5119,67.24,58,75,8.99
429,Tavda,RU,2021-10-31 20:43:34,58.0425,65.2726,31.93,98,100,7.63
430,Harrison,US,2021-10-31 20:43:35,30.4091,-89.0436,73.76,62,1,8.05
431,Zhezkazgan,KZ,2021-10-31 20:43:35,47.8043,67.7144,42.73,74,98,8.52
432,Plettenberg Bay,ZA,2021-10-31 20:43:35,-34.0527,23.3716,64.24,83,94,9.62
433,Iquique,CL,2021-10-31 20:42:16,-20.2208,-70.1431,66.24,69,13,6.51
434,Bainbridge,US,2021-10-31 20:43:35,47.6262,-122.5212,62.8,53,1,1.01
435,Grand Forks,US,2021-10-31 20:43:36,47.9417,-97.4337,42.73,51,90,17.27
436,Hvide Sande,DK,2021-10-31 20:43:36,56.0045,8.1294,56.08,92,100,26.49
437,La Suiza,CR,2021-10-31 20:43:36,9.8524,-83.6133,76.6,97,100,2.82
438,Umm Lajj,SA,2021-10-31 20:43:37,25.0213,37.2685,85.42,51,98,6.04
439,Kloulklubed,PW,2021-10-31 20:43:37,7.0419,134.2556,77.5,70,99,4.18
440,Jacqueville,CI,2021-10-31 20:43:37,5.2052,-4.4146,82.31,85,83,15.88
441,Hobbs,US,2021-10-31 20:43:38,32.7026,-103.136,68.02,34,1,9.22
442,Medina,SA,2021-10-31 20:41:34,24.4686,39.6142,86.43,19,52,12.66
443,Hohhot,CN,2021-10-31 20:43:38,40.8106,111.6522,26.89,68,0,4.47
444,Kaitangata,NZ,2021-10-31 20:43:38,-46.2817,169.8464,53.58,52,77,7.34
445,Mantua,IT,2021-10-31 20:43:39,45.1667,10.7833,57.27,87,17,1.99
446,Skjervoy,NO,2021-10-31 20:43:39,70.0311,20.9714,39.38,78,86,20.4
447,Calamar,CO,2021-10-31 20:43:39,10.2511,-74.9146,82.35,85,90,7.96
448,College,US,2021-10-31 20:43:40,64.8569,-147.8028,51.46,49,75,14.97
449,Maturin,VE,2021-10-31 20:43:40,9.75,-63.1767,81.32,73,100,6.67
450,Poanas,MX,2021-10-31 20:43:40,25.7667,-103.6167,83.93,14,6,4.59
451,Islamkot,PK,2021-10-31 20:43:41,24.6997,70.177,76.35,33,2,8.25
452,Okha,RU,2021-10-31 20:43:41,53.5739,142.9478,23.49,74,73,4.09
453,Yabassi,CM,2021-10-31 20:43:41,4.457,9.9682,74.01,99,99,1.45
454,Sehithwa,BW,2021-10-31 20:43:41,-20.4667,22.7167,85.5,18,1,5.75
455,Husavik,IS,2021-10-31 20:43:42,66.0449,-17.3389,33.71,99,100,21.72
456,Shiyan,CN,2021-10-31 20:39:10,32.6475,110.7781,58.19,71,100,3.13
457,Preobrazheniye,RU,2021-10-31 20:43:42,42.9019,133.9064,46.31,84,77,9.75
458,Deputatskiy,RU,2021-10-31 20:43:42,69.3,139.9,-9.8,83,100,2.21
459,Buchanan,LR,2021-10-31 20:43:43,5.8808,-10.0467,78.76,86,91,7.0
460,Betanzos,ES,2021-10-31 20:43:43,43.2804,-8.2147,59.67,86,40,1.99
461,Opotiki,NZ,2021-10-31 20:43:43,-38.0833,177.2833,62.38,58,100,3.2
462,Teseney,ER,2021-10-31 20:43:44,15.11,36.6575,87.24,29,67,9.17
463,Sabang,ID,2021-10-31 20:43:44,5.8933,95.3214,80.64,77,99,2.51
464,Medicine Hat,CA,2021-10-31 20:39:58,50.0501,-110.6683,38.71,58,1,3.0
465,Necochea,AR,2021-10-31 20:43:44,-38.5473,-58.7368,54.03,77,100,11.07
466,Sai Buri,TH,2021-10-31 20:43:45,6.7013,101.6168,76.53,87,100,2.08
467,Pozo Colorado,PY,2021-10-31 20:43:45,-23.4923,-58.7972,86.2,53,71,4.32
468,Madisonville,US,2021-10-31 20:39:15,37.3281,-87.4989,66.81,54,0,1.01
469,Payo,ID,2021-10-31 20:43:45,-3.7508,103.6372,72.79,97,100,1.54
470,Itaituba,BR,2021-10-31 20:43:46,-4.2761,-55.9836,91.56,58,20,3.44
471,Ampanihy,MG,2021-10-31 20:43:46,-24.7,44.75,72.59,73,100,4.23
472,Amapa,BR,2021-10-31 20:43:46,1.0,-52.0,73.27,97,100,2.64
473,Seagoville,US,2021-10-31 20:43:47,32.6396,-96.5383,82.96,28,1,4.61
474,Georgiyevka,KZ,2021-10-31 20:43:47,43.0369,74.7114,33.84,100,93,2.24
475,Areosa,PT,2021-10-31 20:43:47,41.7178,-8.8571,61.86,95,100,6.71
476,Lebanon,US,2021-10-31 20:38:59,36.2081,-86.2911,66.25,67,20,5.75
477,Maracas,BR,2021-10-31 20:43:48,-13.4411,-40.4308,70.16,70,45,10.0
478,Kilimatinde,TZ,2021-10-31 20:43:48,-5.85,34.95,74.03,60,91,7.47
479,Tiarei,PF,2021-10-31 20:43:48,-17.5333,-149.3333,82.42,73,57,14.7
480,Grindavik,IS,2021-10-31 20:43:49,63.8424,-22.4338,36.07,75,20,27.63
481,Nacala,MZ,2021-10-31 20:43:49,-14.5428,40.6728,77.23,86,14,13.22
482,Komsomolskiy,UZ,2021-10-31 20:43:49,40.4272,71.7189,44.02,70,1,4.61
483,Gulabpura,IN,2021-10-31 20:43:49,25.9,74.6667,68.74,36,8,7.58
484,Tikapur,NP,2021-10-31 20:43:50,28.5,81.1333,63.05,81,0,3.83
485,Hofn,IS,2021-10-31 20:43:50,64.2539,-15.2082,39.43,59,100,19.15
486,Terrace,CA,2021-10-31 20:43:50,54.5163,-128.6035,46.42,56,20,18.41
487,Oistins,BB,2021-10-31 20:43:51,13.0667,-59.5333,82.49,74,40,16.11
488,Medea,DZ,2021-10-31 20:43:51,36.2642,2.7539,63.05,83,76,5.64
489,Stutterheim,ZA,2021-10-31 20:43:51,-32.5708,27.424,59.09,88,89,5.59
490,Lichtenburg,ZA,2021-10-31 20:43:52,-26.152,26.1597,65.73,23,0,3.62
491,Mandsaur,IN,2021-10-31 20:43:52,24.0667,75.0667,66.2,44,0,5.37
492,Dori,BF,2021-10-31 20:43:52,14.0354,-0.0345,90.45,13,69,10.47
493,Nyurba,RU,2021-10-31 20:43:52,63.2842,118.3319,13.96,89,52,7.18
494,Cacu,BR,2021-10-31 20:43:53,-18.5567,-51.1308,80.42,63,80,2.62
495,Tres De Maio,BR,2021-10-31 20:43:53,-27.7733,-54.24,78.51,65,7,8.46
496,Clyde River,CA,2021-10-31 20:43:53,70.4692,-68.5914,17.4,89,100,5.57
497,Pangnirtung,CA,2021-10-31 20:43:54,66.1451,-65.7125,28.4,100,90,0.0
498,Jijiga,ET,2021-10-31 20:43:54,9.35,42.8,63.77,68,34,10.83
499,Campina Verde,BR,2021-10-31 20:43:54,-19.5356,-49.4864,72.88,80,73,9.69
500,Westport,US,2021-10-31 20:42:02,41.1415,-73.3579,65.14,71,62,1.01
501,Filadelfia,US,2021-10-31 20:42:05,39.9523,-75.1638,64.65,72,75,8.99
502,Priyutnoye,RU,2021-10-31 20:43:55,46.1011,43.5072,50.36,83,89,12.77
503,Abu Dhabi,AE,2021-10-31 20:42:15,24.4667,54.3667,84.22,70,0,3.44
504,Liverpool,GB,2021-10-31 20:43:55,53.4106,-2.9779,50.18,87,40,4.0
505,Oleksandrivka,UA,2021-10-31 20:43:56,48.9634,32.2349,43.93,62,0,7.05
506,Sagua La Grande,CU,2021-10-31 20:43:56,22.8067,-80.0756,85.19,62,94,7.61
507,Takoradi,GH,2021-10-31 20:43:56,4.8845,-1.7554,78.64,88,100,11.48
508,Kampong Chhnang,KH,2021-10-31 20:43:57,12.1667,104.55,75.58,90,100,1.77
509,Maanshan,CN,2021-10-31 20:43:57,31.6957,118.4983,55.45,69,99,4.5
510,Brigantine,US,2021-10-31 20:43:57,39.4101,-74.3646,65.01,72,75,11.5
511,Navolato,MX,2021-10-31 20:43:58,24.7672,-107.6944,94.64,55,0,10.78
512,Mon,IN,2021-10-31 20:43:58,26.75,95.1,63.46,80,81,2.57
513,Mount Forest,CA,2021-10-31 20:42:34,43.9795,-80.7221,52.99,76,6,10.36
514,Kieta,PG,2021-10-31 20:43:58,-6.2167,155.6333,81.61,76,90,1.61
515,Gorontalo,ID,2021-10-31 20:43:58,0.5412,123.0595,74.19,92,99,2.44
516,Le Mars,US,2021-10-31 20:43:59,42.7942,-96.1656,49.51,40,20,12.66
517,Kysyl-Syr,RU,2021-10-31 20:43:59,63.8986,122.7617,5.49,98,40,3.98
518,Lethem,GY,2021-10-31 20:43:59,3.3803,-59.7968,86.13,55,98,6.49
519,Muisne,EC,2021-10-31 20:44:00,0.6,-80.0333,84.31,73,33,8.59
520,Udachnyy,RU,2021-10-31 20:44:00,66.4167,112.4,6.22,86,75,14.16
521,Batagay-Alyta,RU,2021-10-31 20:44:00,67.8006,130.4114,-0.42,89,99,2.28
522,Orcopampa,PE,2021-10-31 20:44:01,-15.2661,-72.3417,53.37,47,93,8.16
523,Ust-Shonosha,RU,2021-10-31 20:44:01,61.1531,41.343,38.01,97,98,3.83
524,Bud,US,2021-10-31 20:44:01,39.447,-86.1758,63.12,65,0,13.33
525,Saint-Augustin,CA,2021-10-31 20:44:02,51.226,-58.6502,45.16,68,96,4.09
526,Rundu,NA,2021-10-31 20:44:03,-17.9333,19.7667,76.95,43,3,6.87
527,West Wendover,US,2021-10-31 20:44:03,40.7391,-114.0733,58.21,58,1,6.91
528,Hervey Bay,AU,2021-10-31 20:44:03,-25.2986,152.8535,71.04,65,40,18.39
529,Mosquera,CO,2021-10-31 20:44:04,4.7059,-74.2302,60.89,77,40,2.3
530,Galveston,US,2021-10-31 20:44:04,29.3669,-94.9669,83.19,42,1,6.91
531,Hede,CN,2021-10-31 20:44:04,33.7681,120.2517,57.65,80,71,5.44
532,Hammerfest,NO,2021-10-31 20:44:04,70.6634,23.6821,38.93,75,0,8.05
533,Narsaq,GL,2021-10-31 20:44:05,60.9167,-46.05,26.82,69,82,6.71
534,Ola,RU,2021-10-31 20:44:05,59.5833,151.2833,10.33,56,2,10.02
535,Puno,PE,2021-10-31 20:44:05,-15.8333,-70.0333,56.98,45,57,12.46
536,Dolores,AR,2021-10-31 20:44:06,-36.3132,-57.6792,56.89,79,100,10.92
537,Palm Coast,US,2021-10-31 20:44:06,29.585,-81.2078,71.69,61,0,4.0
538,Roma,US,2021-10-31 20:42:17,43.2128,-75.4557,56.12,94,90,12.66
539,Butterworth,MY,2021-10-31 20:44:06,5.3991,100.3638,79.0,93,20,1.01
540,Klaksvik,FO,2021-10-31 20:44:07,62.2266,-6.589,41.92,64,100,3.06
541,Matara,LK,2021-10-31 20:44:07,5.9485,80.5353,77.13,88,88,3.4
542,Takaka,NZ,2021-10-31 20:44:07,-40.85,172.8,60.98,57,8,3.83
543,Katsuura,JP,2021-10-31 20:44:08,35.1333,140.3,60.19,88,86,9.51
544,Abu Samrah,SY,2021-10-31 20:44:08,35.3029,37.1841,68.13,54,98,23.38
545,Chester,US,2021-10-31 20:42:27,40.1254,-75.8749,61.38,77,90,1.99
546,Jumla,NP,2021-10-31 20:44:08,29.2747,82.1838,41.77,55,0,4.27
547,Talnakh,RU,2021-10-31 20:44:09,69.4865,88.3972,-10.8,99,89,5.93
548,Ballitoville,ZA,2021-10-31 20:44:09,-29.539,31.2144,67.24,87,27,4.97
